дата,четверть,класс,критерий,баллы,причина
2026-09-12,1,2-3,events,2,Осенний кросс — участие
2026-09-12,1,2-3,events,3,Осенний кросс — 1 место
2026-09-12,1,4,events,2,Осенний кросс — участие
2026-09-12,1,5-6,events,2,Осенний кросс — участие
2026-09-12,1,5-6,events,2,Осенний кросс — 2 место
2026-09-12,1,7-8,events,2,Осенний кросс — участие
2026-09-12,1,7-8,events,3,Осенний кросс — 1 место
2026-09-12,1,9,events,2,Осенний кросс — участие
2026-09-18,1,9,discipline,-1,Опоздание на первый урок
2026-09-20,1,4,good,4,"Субботник на пришкольном участке"
2026-09-20,1,7-8,good,3,Помощь в оформлении библиотеки
2026-09-25,1,2-3,olympiads,1,Онлайн-конкурс «Знайка» — участие
2026-09-25,1,4,olympiads,3,Школьный конкурс чтецов — призёр
2026-10-02,1,5-6,discipline,-1,Шум на перемене
2026-10-02,1,5-6,discipline,-1,Опоздание
2026-10-03,1,2-3,events,2,День учителя — концерт
2026-10-03,1,2-3,events,3,День учителя — лучший номер
2026-10-03,1,9,events,2,День учителя — концерт
2026-10-03,1,9,good,5,День самоуправления
2026-10-10,1,7-8,olympiads,3,Районная олимпиада по математике — призёр
2026-10-10,1,9,olympiads,1,Районная олимпиада по истории — участие
2026-10-10,1,9,olympiads,5,Областной конкурс эссе — призёр
2026-10-15,1,2-3,good,3,Акция «Покорми птиц»
2026-10-20,1,2-3,order,4,Проверка кабинетов
2026-10-20,1,4,order,3,Проверка кабинетов
2026-10-20,1,5-6,order,4,Проверка кабинетов
2026-10-20,1,7-8,order,5,Проверка кабинетов
2026-10-20,1,9,order,4,Проверка кабинетов
2026-10-30,1,2-3,study,19,"15 из 20 на «4» и «5»"
2026-10-30,1,4,study,15,"6 из 10 на «4» и «5»"
2026-10-30,1,5-6,study,14,"8 из 14 на «4» и «5»"
2026-10-30,1,7-8,study,16,"8 из 13 на «4» и «5»"
2026-10-30,1,9,study,13,"4 из 8 на «4» и «5»"
2026-10-30,1,2-3,attendance,12,99% посещаемость
2026-10-30,1,4,attendance,12,98% посещаемость
2026-10-30,1,5-6,attendance,9,96% посещаемость
2026-10-30,1,7-8,attendance,12,99% посещаемость
2026-10-30,1,9,attendance,9,95% посещаемость
2026-11-14,2,4,events,2,Ярмарка «Золотая осень» — участие
2026-11-14,2,4,events,3,Ярмарка — лучшая ярмарка
2026-11-14,2,2-3,events,2,Ярмарка «Золотая осень» — участие
2026-11-14,2,9,events,2,Ярмарка — участие
2026-11-20,2,5-6,good,4,Помощь ветерану
2026-11-21,2,7-8,discipline,-2,Два замечания дежурного учителя
